"Resource","Path","Timestamp","Date"
"file:///d%3A/OREHACK/src/components/BentoGridSection.tsx","C:\Users\Dell\AppData\Roaming\Code\User\History\3f2fb780\33RS.tsx","1774363722214","24-03-2026 20:18:42"
"file:///d%3A/OREHACK/src/components/BentoGridSection.tsx","C:\Users\Dell\AppData\Roaming\Code\User\History\3f2fb780\KSDD.tsx","1774363698061","24-03-2026 20:18:18"
"file:///d%3A/OREHACK/src/components/AboutOregent.tsx","C:\Users\Dell\AppData\Roaming\Code\User\History\47209da0\QIfn.tsx","1774363052514","24-03-2026 20:07:32"
"file:///d%3A/OREHACK/src/components/AboutOregent.tsx","C:\Users\Dell\AppData\Roaming\Code\User\History\47209da0\4nXN.tsx","1774362169944","24-03-2026 19:52:49"
"file:///d%3A/OREHACK/src/components/AboutOregent.tsx","C:\Users\Dell\AppData\Roaming\Code\User\History\47209da0\K2rj.tsx","1774362138923","24-03-2026 19:52:18"
"file:///d%3A/OREHACK/src/components/BentoGridIntro.tsx","C:\Users\Dell\AppData\Roaming\Code\User\History\5202cf87\Q6Np.tsx","1774332740007","24-03-2026 11:42:20"
"file:///d%3A/OREHACK/src/components/BentoGridIntro.tsx","C:\Users\Dell\AppData\Roaming\Code\User\History\5202cf87\Xpwm.tsx","1774332692032","24-03-2026 11:41:32"
"file:///d%3A/OREHACK/src/components/AboutOregent.tsx","C:\Users\Dell\AppData\Roaming\Code\User\History\47209da0\EEGx.tsx","1774332666049","24-03-2026 11:41:06"
"file:///d%3A/OREHACK/src/components/BentoGridIntro.tsx","C:\Users\Dell\AppData\Roaming\Code\User\History\5202cf87\i4Wl.tsx","1774270313936","23-03-2026 18:21:53"
"file:///d%3A/OREHACK/src/components/AboutOregent.tsx","C:\Users\Dell\AppData\Roaming\Code\User\History\47209da0\QqpJ.tsx","1774270195631","23-03-2026 18:19:55"
"file:///d%3A/OREHACK/src/components/AboutOregent.tsx","C:\Users\Dell\AppData\Roaming\Code\User\History\47209da0\uXx6.tsx","1774269019149","23-03-2026 18:00:19"
"file:///d%3A/OREHACK/src/components/AboutOregent.tsx","C:\Users\Dell\AppData\Roaming\Code\User\History\47209da0\i464.tsx","1774267839673","23-03-2026 17:40:39"
"file:///d%3A/OREHACK/src/components/AboutOregent.tsx","C:\Users\Dell\AppData\Roaming\Code\User\History\47209da0\2Kkf.tsx","1774267585939","23-03-2026 17:36:25"
"file:///d%3A/OREHACK/src/components/AboutOregent.tsx","C:\Users\Dell\AppData\Roaming\Code\User\History\47209da0\wBFh.tsx","1774265283134","23-03-2026 16:58:03"
"file:///c%3A/Users/Dell/OREHACK/src/components/AboutOregent.tsx","C:\Users\Dell\AppData\Roaming\Code\User\History\-6e788bfc\EFMd.tsx","1773134255070","10-03-2026 14:47:35"
"file:///c%3A/Users/Dell/OREHACK/src/components/AboutOregent.tsx","C:\Users\Dell\AppData\Roaming\Code\User\History\-6e788bfc\Er9e.tsx","1773078545789","09-03-2026 23:19:05"
"file:///c%3A/Users/Dell/OREHACK/src/components/AboutOregent.tsx","C:\Users\Dell\AppData\Roaming\Code\User\History\-6e788bfc\WZ0r.tsx","1773077401195","09-03-2026 23:00:01"
"file:///c%3A/Users/Dell/OREHACK/src/components/AboutOregent.tsx","C:\Users\Dell\AppData\Roaming\Code\User\History\-6e788bfc\ZGy6.tsx","1773076128991","09-03-2026 22:38:48"
"file:///c%3A/Users/Dell/OREHACK/src/components/AboutOregent.tsx","C:\Users\Dell\AppData\Roaming\Code\User\History\-6e788bfc\4GSL.tsx","1773076020470","09-03-2026 22:37:00"
"file:///c%3A/Users/Dell/OREHACK/src/components/AboutOregent.tsx","C:\Users\Dell\AppData\Roaming\Code\User\History\-6e788bfc\fTYF.tsx","1773074767226","09-03-2026 22:16:07"
"file:///c%3A/Users/Dell/OREHACK/src/components/AboutOregent.tsx","C:\Users\Dell\AppData\Roaming\Code\User\History\-6e788bfc\hvJr.tsx","1773074458813","09-03-2026 22:10:58"
"file:///c%3A/Users/Dell/OREHACK/src/components/AboutOregent.tsx","C:\Users\Dell\AppData\Roaming\Code\User\History\-6e788bfc\D9g9.tsx","1773073797260","09-03-2026 21:59:57"
"file:///c%3A/Users/Dell/OREHACK/src/components/AboutOregent.tsx","C:\Users\Dell\AppData\Roaming\Code\User\History\-6e788bfc\2SsP.tsx","1773063907960","09-03-2026 19:15:07"
